industry,industry_uuid,category,subcategory_1,subcategory_2,uuid,name,description,price,cost,taxable,unit_of_measure,task_code,online_booking_enabled
Electrical,ind_600204be061340dabf33d97e8db5c0b9,Appliances,"","",olit_76a20f9f529e45eab74ca115ce4fdd55,"Install dryer cord, 4 wire up to 6 ft","Let us set up your dryer with a new 4-wire cord up to 6 ft long. This ensures a safe connection that meets the latest electrical codes, including a dedicated ground wire for added safety. We'll check the voltage and amperage to ensure your dryer runs efficiently and lasts longer.",$0.00,$0.00,false,,DEFAULT_ELECTRICAL_SERVICE_0,false
Electrical,ind_600204be061340dabf33d97e8db5c0b9,Appliances,"","",olit_04eb302904c84612b598c7862b6b1a49,"Install range cord, 4 wire, 6 ft",Ensure your electric range is connected safely and efficiently with a new 4-wire cord up to 6 ft long. This setup includes a dedicated ground wire to protect your home and appliances. We'll make sure the voltage and amperage are just right for optimal cooking performance.,$0.00,$0.00,false,,DEFAULT_ELECTRICAL_SERVICE_1,false
Electrical,ind_600204be061340dabf33d97e8db5c0b9,Appliances,"","",olit_79bbebe746394b1395daa3d2d0334ec7,"Install microwave outlet, install 20A 120V circuit, up to 40 ft, accessible","Get a new 20-amp, 120-volt circuit and outlet installed for your microwave, extending up to 40 ft through accessible areas. This dedicated setup prevents power overload and ensures your microwave operates reliably. We'll handle all the technical details to keep your kitchen powered safely.",$0.00,$0.00,false,,DEFAULT_ELECTRICAL_SERVICE_2,false
Electrical,ind_600204be061340dabf33d97e8db5c0b9,Appliances,"","",olit_917a0fbaa2c54d3f908642864714b08f,"Install dishwasher, hard wire to existing with disconnect","We'll safely wire your dishwasher into your home's electrical system, complete with a disconnect switch for easy maintenance. This ensures your dishwasher is securely powered, meets electrical codes, and performs efficiently with the right amount of electricity.",$0.00,$0.00,false,,DEFAULT_ELECTRICAL_SERVICE_3,false
Electrical,ind_600204be061340dabf33d97e8db5c0b9,Appliances,"","",olit_e30e0b8fd3b643c5b893a1c1343d0bd6,"Install garbage disposal, cord connected up to 3 ft","Enjoy a new garbage disposal with a cord up to 3 ft long for easy installation. We'll ensure it's wired correctly and safely grounded, providing reliable power for smooth operation in your kitchen.",$0.00,$0.00,false,,DEFAULT_ELECTRICAL_SERVICE_4,false
Electrical,ind_600204be061340dabf33d97e8db5c0b9,Appliances,"","",olit_39e6a9667b414bd99dad1f92d525e1bd,"Install water softener outlet, GFCI protected, tap existing circuitry","Install a new outlet for your water softener with built-in ground-fault protection, tapping into your existing wiring for added safety in wet areas. This ensures your water softener operates safely and reliably while meeting all electrical standards.",$0.00,$0.00,false,,DEFAULT_ELECTRICAL_SERVICE_5,false
Electrical,ind_600204be061340dabf33d97e8db5c0b9,Ballast Replacement,"","",olit_c1aa26c9aa924651a4e9bbbd730c7410,"Replace standard height, single 4 ft bulb, electronic, 120V or 277V ballast","Upgrade your lighting with a new electronic ballast for a safe and efficient 4 ft bulb. This modern setup ensures reliable performance and energy savings, compatible with both 120V and 277V systems.",$0.00,$0.00,false,,DEFAULT_ELECTRICAL_SERVICE_6,false
Electrical,ind_600204be061340dabf33d97e8db5c0b9,Ballast Replacement,"","",olit_e3a9261cf487433984640751c7c04e1c,"Replace standard height, single 8 ft bulb, electronic, 120V or 277V ballast","Improve your lighting with an electronic ballast for an 8 ft bulb. Enjoy enhanced brightness and energy efficiency with this upgrade, suitable for 120V or 277V setups in your home.",$0.00,$0.00,false,,DEFAULT_ELECTRICAL_SERVICE_7,false
Electrical,ind_600204be061340dabf33d97e8db5c0b9,Ballast Replacement,"","",olit_1abc6e92037d4d76a395a9c9f37f56c7,"Replace standard height, two 4 ft bulb, electronic, 120V or 277V ballast","Enhance your room's lighting with a new electronic ballast for two 4 ft bulbs. This upgrade provides better illumination and efficiency, supporting both 120V and 277V electrical systems.",$0.00,$0.00,false,,DEFAULT_ELECTRICAL_SERVICE_8,false
Electrical,ind_600204be061340dabf33d97e8db5c0b9,Ballast Replacement,"","",olit_99b17cfb1b3a4130a63ed538373df07f,"Replace standard height, two 8 ft bulb, electronic, 120V or 277V ballast","Upgrade to a new electronic ballast for two 8 ft bulbs for improved lighting efficiency and performance. Perfect for 120V or 277V installations, ensuring brighter spaces with reduced energy consumption.",$0.00,$0.00,false,,DEFAULT_ELECTRICAL_SERVICE_9,false
Electrical,ind_600204be061340dabf33d97e8db5c0b9,Ceiling Fans,"","",olit_da3c25a454514a68b3a264e78291401f,Install customer supplied ceiling fan on existing box,"We'll expertly mount your provided ceiling fan onto your existing box, ensuring optimal functionality and airflow in your space.",$0.00,$0.00,false,,DEFAULT_ELECTRICAL_SERVICE_10,false
Electrical,ind_600204be061340dabf33d97e8db5c0b9,Ceiling Fans,"","",olit_2d83a235d858445dade047a28f5370e6,Install customer supplied ceiling fan with light on existing box,Upgrade your room with a ceiling fan and light combo on the existing box. Our precise installation guarantees efficient air circulation and enhanced lighting.,$0.00,$0.00,false,,DEFAULT_ELECTRICAL_SERVICE_11,false
Electrical,ind_600204be061340dabf33d97e8db5c0b9,Ceiling Fans,"","",olit_ca453ae508674d438c7eb4b19b677493,Furnish and install generic ball standard mount ceiling fan,Enjoy improved air circulation with our installation of a standard mount ceiling fan. It enhances energy efficiency and provides reliable comfort year-round.,$0.00,$0.00,false,,DEFAULT_ELECTRICAL_SERVICE_12,false
Electrical,ind_600204be061340dabf33d97e8db5c0b9,Ceiling Fans,"","",olit_7e981f7437414455a89b2f9b0236abe3,Furnish and install generic ball standard mount ceiling fan and light combination,Elevate your room's comfort with a ceiling fan and light combo installation. This upgrade combines effective air movement with enhanced lighting options for any space.,$0.00,$0.00,false,,DEFAULT_ELECTRICAL_SERVICE_13,false
Electrical,ind_600204be061340dabf33d97e8db5c0b9,Ceiling Fans,"","",olit_524d4b376cbb4327ac5d8f6cc1ace765,Install fan control switch,"Optimize your ceiling fan's performance with a professionally installed control switch. It offers convenient speed adjustments, ensuring precise airflow and energy efficiency.",$0.00,$0.00,false,,DEFAULT_ELECTRICAL_SERVICE_14,false
Electrical,ind_600204be061340dabf33d97e8db5c0b9,Circuit Breakers,"","",olit_a0d76e58fc024179a06bbac36bc2178a,"Replace all breakers and load center, 30 circuit 200 amp labeled","Upgrade to a 30-circuit, 200-amp load center with new breakers. Our pros ensure accurate labeling and improved electrical safety and reliability for your home.",$0.00,$0.00,false,,DEFAULT_ELECTRICAL_SERVICE_15,false
Electrical,ind_600204be061340dabf33d97e8db5c0b9,Circuit Breakers,"","",olit_575843abae444d3bac98c03be714e9e0,"Replace all breakers and load center, 40 circuit 200 amp labeled","Enhance your electrical system with a 40-circuit, 200-amp load center replacement. Our experts provide precise labeling and robust protection for efficient power distribution.",$0.00,$0.00,false,,DEFAULT_ELECTRICAL_SERVICE_16,false
Electrical,ind_600204be061340dabf33d97e8db5c0b9,Circuit Breakers,"","",olit_3d49a9de0a654c90965e768e6674b5df,"Replace all breakers and load center, 30 circuit 150 amp labeled","Upgrade to a 30-circuit, 150-amp load center with new breakers. We ensure accurate labeling for improved electrical safety and performance in your home.",$0.00,$0.00,false,,DEFAULT_ELECTRICAL_SERVICE_17,false
Electrical,ind_600204be061340dabf33d97e8db5c0b9,Circuit Breakers,"","",olit_4a1998dea5f3447fbfe6dbbc6999a5fd,"Replace main lug load center, 30 circuit 200 amp labeled","Replace your main lug load center with a 30-circuit, 200-amp unit. Our professionals ensure proper installation and labeling for enhanced electrical management and safety.",$0.00,$0.00,false,,DEFAULT_ELECTRICAL_SERVICE_18,false
Electrical,ind_600204be061340dabf33d97e8db5c0b9,Circuit Breakers,"","",olit_a78ef51ee5524f269e19a7e784b4eff0,"Replace all breakers and load center, 20 circuit 100 amp labeled","Upgrade to a 20-circuit, 100-amp load center with new breakers. Our service includes precise labeling and enhanced protection for efficient and safe power distribution.",$0.00,$0.00,false,,DEFAULT_ELECTRICAL_SERVICE_19,false
Electrical,ind_600204be061340dabf33d97e8db5c0b9,Circuit Breakers,"","",olit_c78658a975fc455789c8f286a000b05b,"Replace outdoor main breaker load center, 40 circuit 200 amp labeled","Replace your outdoor load center with a 40-circuit, 200-amp main breaker. Our pros ensure accurate labeling and robust protection against the elements for safe power distribution.",$0.00,$0.00,false,,DEFAULT_ELECTRICAL_SERVICE_20,false
Electrical,ind_600204be061340dabf33d97e8db5c0b9,Circuit Breakers,"","",olit_71fbb2173e614636a9accefa9540b2d6,"Replace main lug load center, 20 circuit 125 amp labeled","Upgrade your main lug load center to a 20-circuit, 125-amp unit. We provide precise installation and labeling for improved electrical system management and safety.",$0.00,$0.00,false,,DEFAULT_ELECTRICAL_SERVICE_21,false
Electrical,ind_600204be061340dabf33d97e8db5c0b9,Receptacle Replacement,"","",olit_6764ea7ef80249258b27986f0a525aa8,Replace 15 or 20A 120V receptacle outlet,"Upgrade your electrical outlets to handle higher currents safely. Our pros replace outdated receptacles with new ones rated for either 15 or 20 amps, ensuring reliable power for all your devices.",$0.00,$0.00,false,,DEFAULT_ELECTRICAL_SERVICE_22,false
Electrical,ind_600204be061340dabf33d97e8db5c0b9,Receptacle Replacement,"","",olit_3e5b4322bfa2436eb4a812163360c027,Replace 15A 120V 2 wire receptacle with 3 wire receptacle,"Update your home's wiring for increased safety and functionality. We'll replace old 2-wire outlets with new 3-wire receptacles, providing a more stable electrical connection for modern appliances.",$0.00,$0.00,false,,DEFAULT_ELECTRICAL_SERVICE_23,false
Electrical,ind_600204be061340dabf33d97e8db5c0b9,Receptacle Replacement,"","",olit_cb86d71997dc4fe5a2455dcb69d6d6fb,Replace 15A 120V 2 wire receptacle with GFCI receptacle indoor,"Enhance your indoor electrical safety with GFCI outlets. We'll replace older 2-wire receptacles with new GFCI outlets, offering advanced protection against electrical hazards like shocks and short circuits.",$0.00,$0.00,false,,DEFAULT_ELECTRICAL_SERVICE_24,false
Electrical,ind_600204be061340dabf33d97e8db5c0b9,Receptacle Replacement,"","",olit_a617ec3f8a78471c908ec9a16283fce5,Replace 15A 120V receptacle with GFCI receptacle and outdoor cover,"Upgrade outdoor outlets for improved safety and weather resistance. Our pros replace standard outlets with GFCI models and install durable outdoor covers, ensuring reliable power and protection against moisture.",$0.00,$0.00,false,,DEFAULT_ELECTRICAL_SERVICE_25,false
Electrical,ind_600204be061340dabf33d97e8db5c0b9,Receptacle Replacement,"","",olit_aa64e12b1da94cdeba67da91db1fc224,Repair a reverse polarity receptacle,"Ensure your outlets are wired correctly to prevent electrical hazards. Our experts diagnose and repair reverse polarity issues, ensuring outlets are properly grounded for safe operation throughout your home",$0.00,$0.00,false,,DEFAULT_ELECTRICAL_SERVICE_26,false
Electrical,ind_600204be061340dabf33d97e8db5c0b9,Switch Replacement,"","",olit_7b0f72c3622c4d43983448691fe630fb,Replace single pole switch,"Upgrade your light switches for better control and efficiency. Our pros replace standard single pole switches, ensuring reliable operation and energy savings with modern, durable alternatives.",$0.00,$0.00,false,,DEFAULT_ELECTRICAL_SERVICE_27,false
Electrical,ind_600204be061340dabf33d97e8db5c0b9,Switch Replacement,"","",olit_3c3b74fb5cbb476dae8f42195f9b4cc2,Replace 3 way switch,"Enhance convenience and lighting control with updated 3-way switches. We replace old switches to allow you to control lights from multiple locations, improving accessibility and functionality.",$0.00,$0.00,false,,DEFAULT_ELECTRICAL_SERVICE_28,false
Electrical,ind_600204be061340dabf33d97e8db5c0b9,Switch Replacement,"","",olit_8bca8bf90a614bc78389aded0dd9344a,Replace single pole 24 hour digital wall timer,"Automate your home lighting with precision and energy efficiency. Our experts replace traditional switches with advanced digital timers, offering programmable settings for optimal lighting control.",$0.00,$0.00,false,,DEFAULT_ELECTRICAL_SERVICE_29,false
Electrical,ind_600204be061340dabf33d97e8db5c0b9,Switch Replacement,"","",olit_41b10225eab74795a8db2d5abcb4197b,Replace double pole switch,"Upgrade to secure and efficient double pole switches for high-power appliances. Our pros replace outdated switches with new double pole models, ensuring safe operation and durability for heavy-duty use.",$0.00,$0.00,false,,DEFAULT_ELECTRICAL_SERVICE_30,false
Electrical,ind_600204be061340dabf33d97e8db5c0b9,Switch Replacement,"","",olit_c95ca2ab0d6f42c7aecb5eff21546ae7,Replace 4 way switch,"Optimize control over complex lighting setups with upgraded 4-way switches. We replace existing switches to provide seamless operation from multiple locations, enhancing convenience and functionality.",$0.00,$0.00,false,,DEFAULT_ELECTRICAL_SERVICE_31,false
Electrical,ind_600204be061340dabf33d97e8db5c0b9,Dimmer,"","",olit_1217730767074345b2a0c29d408b3354,Replace or install 600W single pole Ariadni dimmer,"Upgrade your home's ambiance with a modern dimmer switch. Our pros install or replace Ariadni dimmers, allowing you to adjust lighting levels smoothly and save energy with precise control.",$0.00,$0.00,false,,DEFAULT_ELECTRICAL_SERVICE_32,false
Electrical,ind_600204be061340dabf33d97e8db5c0b9,Dimmer,"","",olit_25181e1836c541978f3bee51b994598b,Replace or install 600W single pole Diva dimmer,"Enhance your lighting control with a stylish and efficient Diva dimmer switch. We install or replace these dimmers, offering seamless adjustment of brightness levels to suit any mood or occasion.",$0.00,$0.00,false,,DEFAULT_ELECTRICAL_SERVICE_33,false
Electrical,ind_600204be061340dabf33d97e8db5c0b9,Dimmer,"","",olit_24ea72dd801d491c96644bced6064467,Replace or install 600W 3-way Ariadni dimmer,"Enjoy enhanced lighting flexibility with a 3-way Ariadni dimmer switch. Our experts install or replace these dimmers, enabling convenient control of lights from multiple locations with ease.",$0.00,$0.00,false,,DEFAULT_ELECTRICAL_SERVICE_34,false
Electrical,ind_600204be061340dabf33d97e8db5c0b9,Dimmer,"","",olit_9b284484088d43d0baada62970dd0b51,Replace or install 1000W single pole Diva dimmer,"Upgrade to a high-capacity Diva dimmer for powerful lighting control. We install or replace these dimmers, providing smooth operation and energy savings for larger rooms or brighter settings.",$0.00,$0.00,false,,DEFAULT_ELECTRICAL_SERVICE_35,false
Electrical,ind_600204be061340dabf33d97e8db5c0b9,Dimmer,"","",olit_6e2cee2b4ec14049b2af5a7cd48228ab,Replace or install 1000W 3-way Skylark dimmer,"Achieve superior lighting control with a 3-way Skylark dimmer switch. Our pros install or replace these dimmers, allowing you to adjust brightness levels from multiple switches, enhancing convenience and ambiance.""",$0.00,$0.00,false,,DEFAULT_ELECTRICAL_SERVICE_36,false
Electrical,ind_600204be061340dabf33d97e8db5c0b9,Smoke Detectors,"","",olit_f4505d4c7b2e49c98f3a26c13ba74261,Install new 120V hard wired smoke detector with battery backup,"Enhance your home's safety with a new hardwired smoke detector. Our pros install devices that connect directly to your electrical system, ensuring continuous protection with backup battery support.",$0.00,$0.00,false,,DEFAULT_ELECTRICAL_SERVICE_37,false
Electrical,ind_600204be061340dabf33d97e8db5c0b9,Smoke Detectors,"","",olit_a68091b8b70547c1a37a6481751cbf08,Replace 120V hard wired smoke detector with battery backup,"Upgrade your smoke detection system for reliable home safety. We replace old detectors with new, hardwired models featuring battery backups, ensuring continuous monitoring and peace of mind.",$0.00,$0.00,false,,DEFAULT_ELECTRICAL_SERVICE_38,false
Electrical,ind_600204be061340dabf33d97e8db5c0b9,Smoke Detectors,"","",olit_1c7ff94351bf42dd9dfb63e191a4248a,Install new 120V hard wired carbon monoxide detector,"Protect your family from carbon monoxide with a new, hardwired detector. Our experts install devices that integrate into your home's electrical system, providing constant monitoring for early detection.",$0.00,$0.00,false,,DEFAULT_ELECTRICAL_SERVICE_39,false
Electrical,ind_600204be061340dabf33d97e8db5c0b9,Recessed Lighting,"","",olit_2db23994225f4d2bb638e92c9c2d6a43,"Install 6"" round, black or white, no access","Upgrade your ceiling with sleek 6-inch round lighting. Our pros install these fixtures without the need for ceiling access, enhancing your home's ambiance with modern, stylish lighting options.",$0.00,$0.00,false,,DEFAULT_ELECTRICAL_SERVICE_40,false
Electrical,ind_600204be061340dabf33d97e8db5c0b9,Recessed Lighting,"","",olit_68ef626c1317480b9cce7172b35feb89,"Install 6"" round, black or white, access from above","Enjoy easy installation and enhanced lighting with 6-inch round fixtures. We ensure seamless integration by accessing your ceiling from above, providing efficient and attractive lighting solutions.",$0.00,$0.00,false,,DEFAULT_ELECTRICAL_SERVICE_41,false
Electrical,ind_600204be061340dabf33d97e8db5c0b9,Recessed Lighting,"","",olit_e450962fd11e493fb5e5a796293e4b58,"Install 4"" round, black or white, no access","Add subtle yet effective lighting with 4-inch round fixtures. Our experts install these compact lights without ceiling access, offering versatile illumination to complement any room decor.",$0.00,$0.00,false,,DEFAULT_ELECTRICAL_SERVICE_42,false
Electrical,ind_600204be061340dabf33d97e8db5c0b9,Recessed Lighting,"","",olit_d2264554dcc04642bb80eee80ba49a32,"Install 5"" round, black or white, no access","Enhance your home's lighting with 5-inch round fixtures. Our pros install these stylish lights without needing access to your ceiling, providing efficient and modern illumination for any space.",$0.00,$0.00,false,,DEFAULT_ELECTRICAL_SERVICE_43,false
Electrical,ind_600204be061340dabf33d97e8db5c0b9,Recessed Lighting,"","",olit_44a91308658e46ea9b6f9d702756ae20,"Install wall washer fixture, no access","Illuminate your walls with precision and style using wall washer fixtures. We install these lights without ceiling access, ensuring even distribution of light to highlight artwork and architectural features.",$0.00,$0.00,false,,DEFAULT_ELECTRICAL_SERVICE_44,false
Electrical,ind_600204be061340dabf33d97e8db5c0b9,Outdoor Lighting,"","",olit_2876018bc0154f668afc1df0b7e99831,Install surface mount quartz flood light at existing location 500W,"Illuminate your outdoor space effectively with a powerful quartz floodlight. Our pros install 500W lights at existing locations, providing enhanced security and visibility after dark with energy-efficient lighting.""",$0.00,$0.00,false,,DEFAULT_ELECTRICAL_SERVICE_45,false
Electrical,ind_600204be061340dabf33d97e8db5c0b9,Outdoor Lighting,"","",olit_c62eab90fc5943a696cf43574642c4ec,Install wall mounted porch light at existing location,"Enhance your home's entryway with a stylish wall-mounted porch light. We install new lights at existing locations, offering improved curb appeal and nighttime safety with durable, weather-resistant fixtures.",$0.00,$0.00,false,,DEFAULT_ELECTRICAL_SERVICE_46,false
Electrical,ind_600204be061340dabf33d97e8db5c0b9,Outdoor Lighting,"","",olit_a1b0bdedd8254737b830b29e69a78073,Install motion detector on existing fixture,"Add convenience and security with a motion detector for your existing fixture. Our experts integrate sensors for automatic lighting, enhancing energy efficiency and deterring intruders with responsive, hands-free illumination.",$0.00,$0.00,false,,DEFAULT_ELECTRICAL_SERVICE_47,false
Electrical,ind_600204be061340dabf33d97e8db5c0b9,Outdoor Lighting,"","",olit_989745c6fca94740a61608093f7e0f39,"Install post light with 100W fixture head, up to 25 ft from house, white or black","Brighten pathways and driveways with a post light installation up to 25 feet from your home. We offer 100W fixture heads in white or black, ensuring stylish outdoor lighting that extends safety and aesthetics.",$0.00,$0.00,false,,DEFAULT_ELECTRICAL_SERVICE_48,false
Electrical,ind_600204be061340dabf33d97e8db5c0b9,Outdoor Lighting,"","",olit_5f92eed902144c808f968486131df3dc,Install new feed and box for outside fixture,"Ensure reliable power for your outdoor lighting with a new feed and box installation. Our pros enhance electrical connections, enabling safe and efficient operation for your exterior fixtures, rain or shine.",$0.00,$0.00,false,,DEFAULT_ELECTRICAL_SERVICE_49,false
Solar & Energy,ind_e26bc85903974fa3b93a39be626aeebb,Solar & Energy,Installation,Solar,olit_7e6844a02f554911901cf2f178e2b814,Installation - Solar system,Expert installation service for solar system,$800.00,$0.00,false,"",DEFAULT_SOLAR_SERVICE_1,false
Solar & Energy,ind_e26bc85903974fa3b93a39be626aeebb,Solar & Energy,Installation,Solar,olit_d9b37b5c883f45a3bae1c069012610ba,Installation - Solar inverter,Expert installation service for solar inverter,$800.00,$0.00,false,"",DEFAULT_SOLAR_SERVICE_2,false
Solar & Energy,ind_e26bc85903974fa3b93a39be626aeebb,Solar & Energy,Installation,Solar,olit_194449a851f042bca20934e88329b772,Installation - Solar Panel,Expert installation service for solar panel,$800.00,$0.00,false,"",DEFAULT_SOLAR_SERVICE_3,false
Solar & Energy,ind_e26bc85903974fa3b93a39be626aeebb,Solar & Energy,Installation,EV,olit_87017ee1f98c4ed095f8adcac2ea9654,Installation - Electric vehicle (EV) charging station,Expert installation service for electric vehicle (EV) charging station,$800.00,$0.00,false,"",DEFAULT_SOLAR_SERVICE_4,false
Solar & Energy,ind_e26bc85903974fa3b93a39be626aeebb,Solar & Energy,Installation,Other,olit_e00b1355904047189877f2e5f959191c,Installation - Something else / I don't know,Expert installation service for solar systems,$800.00,$0.00,false,"",DEFAULT_SOLAR_SERVICE_5,false
Solar & Energy,ind_e26bc85903974fa3b93a39be626aeebb,Solar & Energy,Repair,Solar,olit_7531caf19be64189bec4e4fe5ee2a2d6,Repair - Solar system,Expert repair service for solar system,$800.00,$0.00,false,"",DEFAULT_SOLAR_SERVICE_6,false
Solar & Energy,ind_e26bc85903974fa3b93a39be626aeebb,Solar & Energy,Repair,Solar,olit_cf053b664ffb426eb66716d999010507,Repair - Solar inverter,Expert repair service for solar inverter,$800.00,$0.00,false,"",DEFAULT_SOLAR_SERVICE_7,false
Solar & Energy,ind_e26bc85903974fa3b93a39be626aeebb,Solar & Energy,Repair,Solar,olit_1050ae4d00c44c9680aac50e45c1fe51,Repair - Solar Panel,Expert repair service for solar panel,$800.00,$0.00,false,"",DEFAULT_SOLAR_SERVICE_8,false
Solar & Energy,ind_e26bc85903974fa3b93a39be626aeebb,Solar & Energy,Repair,EV,olit_e9d0fe10f6224925842b2bc04b999daf,Repair - Electric vehicle (EV) charging station,Expert repair service for electric vehicle (EV) charging station,$800.00,$0.00,false,"",DEFAULT_SOLAR_SERVICE_9,false
Solar & Energy,ind_e26bc85903974fa3b93a39be626aeebb,Solar & Energy,Repair,Other,olit_92a1ad0dfced428896d4e9afdb86527b,Repair - Something else / I don't know,Expert repair service for solar systems,$800.00,$0.00,false,"",DEFAULT_SOLAR_SERVICE_10,false
Solar & Energy,ind_e26bc85903974fa3b93a39be626aeebb,Solar & Energy,Repair,Solar,olit_e0c7ce97cc424546b4c9512ecd113539,Solar Disconnect ,"",$95.00,$82.54,false,"","",false
Solar & Energy,ind_e26bc85903974fa3b93a39be626aeebb,Solar & Energy,Repair,Solar,olit_cc89118ce6cf4726b1b488bd0975c8f3,SunRun Standard Truck Roll,"Our SunRun Standard Truck Roll includes a professional visit by a certified technician to assess, diagnose, or maintain your solar system. Ensure optimal performance, address concerns quickly, and keep your investment running efficiently and safely.",$168.00,$0.00,false,Each,"",false
Solar & Energy,ind_e26bc85903974fa3b93a39be626aeebb,Solar & Energy,Repair,Solar,olit_249ec7e14a54411cbcf62502febc0086,SunRun Troubleshooting (inverter),"Ensure your solar energy system runs efficiently with our professional inverter troubleshooting service. We diagnose and resolve inverter issues, restoring optimal performance, maximizing energy savings, and protecting your investment.",$350.00,$0.00,false,Each,"",false
Solar & Energy,ind_e26bc85903974fa3b93a39be626aeebb,Solar & Energy,Repair,Solar,olit_2760610c9b5341abb943499e7e12f18c,SunRun Troubleshooting (full system),"Our full system troubleshooting service ensures your solar and energy systems operate at peak performance. We diagnose issues, check all components, and provide expert solutions to maximize efficiency, reliability, and energy savings for your home.",$350.00,$0.00,false,Each,"",false
Solar & Energy,ind_e26bc85903974fa3b93a39be626aeebb,Solar & Energy,Repair,Solar,olit_4ffd695a898b493eb07381a51f5b3be7,SunRun Troubleshooting (optimizer/micro inverter),"Ensure your solar system operates at peak performance with professional troubleshooting for optimizers or micro inverters. Quickly identify and resolve issues to maximize energy output, improve reliability, and protect your investment in clean energy.",$350.00,$0.00,false,"","",false
Solar & Energy,ind_e26bc85903974fa3b93a39be626aeebb,Solar & Energy,Repair,Solar,olit_dc2e2598178f4eb498c27dd31a24260a,SunRun Troubleshooting (battery),"Our battery troubleshooting service diagnoses and resolves issues with your solar energy storage system. Ensure reliable backup power, optimize battery performance, and protect your investment with expert care and fast solutions.",$350.00,$0.00,false,Each,"",false
Solar & Energy,ind_e26bc85903974fa3b93a39be626aeebb,Solar & Energy,Repair,Solar,olit_d1bcd26e7ae9496bbb2eb69573df7007,SunRun Troubleshooting (CT),"Our expert troubleshooting service quickly diagnoses and resolves issues with your solar or energy system. Ensure maximum efficiency, safety, and energy savings by addressing problems early?protecting your investment and peace of mind.",$350.00,$0.00,false,Each,"",false
Solar & Energy,ind_e26bc85903974fa3b93a39be626aeebb,Solar & Energy,Repair,Solar,olit_eb1d1e42ae8d421db5d681763bc17128,SunRun RMA (Inverter),"Our Inverter RMA (Return Merchandise Authorization) service ensures faulty inverters are expertly managed and replaced with minimal downtime. Keep your solar system running smoothly and efficiently, protecting your energy investment and savings.",$250.00,$0.00,false,"","",false
Solar & Energy,ind_e26bc85903974fa3b93a39be626aeebb,Solar & Energy,Repair,Solar,olit_9ac5cf4f8ef541029bfe13b783d03e54,SunRun RMA (micro/optimizer),"If your solar system's microinverter or optimizer fails, our RMA (Return Merchandise Authorization) service ensures quick replacement and minimal downtime. Maintain peak system performance and protect your investment with our expert support.",$400.00,$0.00,false,Each,"",false
Solar & Energy,ind_e26bc85903974fa3b93a39be626aeebb,Solar & Energy,Repair,Solar,olit_6cb6b3cb8eb8438f9f235eb3274c3dae,SunRun RMA (Communication),"Ensure your solar system stays connected and performing at its best with our RMA (Communication) service. We troubleshoot and replace faulty communication devices, keeping your monitoring system reliable and your energy savings on track.",$150.00,$0.00,false,Each,"",false
Solar & Energy,ind_e26bc85903974fa3b93a39be626aeebb,Solar & Energy,Repair,Solar,olit_f43537a550a246488613ca7e6aa940d6,SunRun RMA (Battery),"Our Battery RMA (Return Merchandise Authorization) service ensures safe, efficient replacement or repair of faulty solar batteries. Reliable batteries are crucial for uninterrupted solar energy. Trust us to restore your system?s performance and peace of mind.",$350.00,$0.00,false,Each,"",false
Solar & Energy,ind_e26bc85903974fa3b93a39be626aeebb,Solar & Energy,Repair,Solar,olit_097b756114434edbba951a3fbee7a104,SunRun String down/ Isolation fault,"A SunRun string down or isolation fault means a section of your solar array isn?t producing power due to a wiring or inverter issue. Prompt service restores system performance, maximizes your energy savings, and ensures safe operation of your solar investment.",$500.00,$0.00,false,"","",false
Solar & Energy,ind_e26bc85903974fa3b93a39be626aeebb,Solar & Energy,Repair,Solar,olit_bd95fbc972384034855c89b9f56a3f5e,Standard Service Call,"Our Standard Service Call includes expert troubleshooting and diagnostics for your solar or energy system. We ensure optimal performance, address concerns, and provide professional solutions?helping you maximize efficiency and protect your investment.",$275.00,$0.00,false,Each,"",false
Solar & Energy,ind_e26bc85903974fa3b93a39be626aeebb,Solar & Energy,Repair,Solar,olit_2780b0aecfef417a858d7bdd442e54b5,Engineering,"",$100.00,$0.00,false,,,true
Solar & Energy,ind_e26bc85903974fa3b93a39be626aeebb,Solar & Energy,Repair,Solar,olit_671865c5f5f3441b8addfc6804e346ca,SunRun Meter,"",$395.00,$0.00,false,,,true
Solar & Energy,ind_e26bc85903974fa3b93a39be626aeebb,Solar & Energy,Repair,Solar,olit_358a00e16c134ec788c543932f0b4483,Labor Rate,"Covers the skilled labor required to complete your project efficiently and safely. This rate ensures all work is performed to high standards, giving you peace of mind and quality results while saving you time and effort.",$120.00,$0.00,false,,,true
Solar & Energy,ind_e26bc85903974fa3b93a39be626aeebb,Solar & Energy,Repair,Solar,olit_1d6c58dd5a55415fb142ca3f0213990e,Phoenix Trip Charge,"Covers the cost of travel and transportation for our technician to and from your Phoenix area property, ensuring timely service and efficient delivery of materials or repairs right at your location. This fee supports reliable, local service.",$80.00,$0.00,false,,,true
Solar & Energy,ind_e26bc85903974fa3b93a39be626aeebb,Solar & Energy,Repair,Solar,olit_02ef5e5242db4c39993a715b8fda4386,APS Standard Truck Roll,"A technician will visit your property to assess, maintain, or repair your system, ensuring prompt, professional service and minimizing downtime. This on-site support delivers peace of mind and helps keep your equipment running smoothly.",$210.00,$0.00,false,,,true
Solar & Energy,ind_e26bc85903974fa3b93a39be626aeebb,Solar & Energy,Repair,Solar,olit_8216a82749d6423792413bfb1d6b099e,Warranty Repair,"Warranty repair service restores covered items to proper working condition, ensuring your home remains comfortable and functional while protecting your investment and providing peace of mind.",$150.00,$0.00,false,"","",true
Solar & Energy,ind_e26bc85903974fa3b93a39be626aeebb,Solar & Energy,Repair,Solar,olit_e3ae1085da3144928b600e785365639d,Non Warranty Repair,"Professional repair service to address issues not covered by warranty, restoring proper function and ensuring reliability. This work helps prevent further damage and prolongs the lifespan of your system or equipment, providing peace of mind and continued comfort.",$150.00,$0.00,false,,,true
Solar & Energy,ind_e26bc85903974fa3b93a39be626aeebb,Solar & Energy,Repair,Solar,olit_83a230550d964a5dbde47afc172f9e7a,Discounted Labor - O&M customer,"",$310.00,$0.00,false,,,true
Solar & Energy,ind_e26bc85903974fa3b93a39be626aeebb,Solar & Energy,Repair,Solar,olit_ff0d6197d0d640e5add175dd20d6fee3,SMA -RMA ADDITIONAL,"",$0.00,$0.00,false,,,true
Solar & Energy,ind_e26bc85903974fa3b93a39be626aeebb,Solar & Energy,Repair,Solar,olit_a174ef930f7f4595884c0baa15a1a57b,SMA - RMA TIGOS - FLIPPED 25 REPLACED 14,"",$150.00,$0.00,false,,,true
Solar & Energy,ind_e26bc85903974fa3b93a39be626aeebb,Solar & Energy,Repair,Solar,olit_6eea0947f0ec428baa7a47393ca53f8c,Quoted - Removal-Reinstall,"",$6300.00,$0.00,false,,,true
Solar & Energy,ind_e26bc85903974fa3b93a39be626aeebb,Solar & Energy,Repair,Solar,olit_00f30d484e7c44f1bc08c425ffd7dd02,Quoted - Roof repair,"",$1940.00,$0.00,false,,,true
Solar & Energy,ind_e26bc85903974fa3b93a39be626aeebb,Solar & Energy,Repair,Solar,olit_d62bc381013a47eaac6963a4412c5fad,Spruce - System Inspection  - 100-AZ,"",$391.00,$0.00,false,,,true
Solar & Energy,ind_e26bc85903974fa3b93a39be626aeebb,Solar & Energy,Repair,Solar,olit_7cafe0d146ac48bfac373a5eada632ac,DISPATCH MAN HOURS,"",$0.00,$0.00,false,,,true
Solar & Energy,ind_e26bc85903974fa3b93a39be626aeebb,Solar & Energy,Repair,Solar,olit_56d69d107a3e496fa3797970130bc4e7,TRAVEL ADDER -AES,"",$75.00,$0.00,false,,,true
Solar & Energy,ind_e26bc85903974fa3b93a39be626aeebb,Solar & Energy,Repair,Solar,olit_e7c7ea779d634efb88d868328eaab885,SERVICE CHARGE,"",$25.00,$0.00,false,,,true
Solar & Energy,ind_e26bc85903974fa3b93a39be626aeebb,Solar & Energy,Repair,Solar,olit_344b0ad2fd88401080785d5f7a25c291,Removal/Reinstall,Remove existing (43) solar modules and associated racking components as well as all standoffs/flashings for all (43) modules being removed. Store solar modules and related racking material  onsite.   Upon completion of roof repairs Harmon will return and reinstall solar modules using stored racking material and components along with NEW standoffs/flashings. -by accepting the proposal you agree to our terms and conditions sent via clickable link,$7955.00,$0.00,false,,,true
Solar & Energy,ind_e26bc85903974fa3b93a39be626aeebb,Solar & Energy,Repair,EV,olit_f7651725a60f448184c2a60c69ad14c5,ChargePoint Dispatch,"",$100.00,$0.00,false,,,true
Solar & Energy,ind_e26bc85903974fa3b93a39be626aeebb,Solar & Energy,Repair,EV,olit_7499d9a5dac54c7f980a6f110a867faf,CT4 INTERPOSER CAP REPLACEMENT,"",$85.50,$0.00,false,,,true
Solar & Energy,ind_e26bc85903974fa3b93a39be626aeebb,Solar & Energy,Repair,EV,olit_6c80a00f7fbf4eab9c2e50d0a6887e66,CT4 POWER PLATE REPLACEMENT,"",$110.00,$0.00,false,,,true
Solar & Energy,ind_e26bc85903974fa3b93a39be626aeebb,Solar & Energy,Repair,Solar,olit_6167d85ba108448d91c0588b2cdc23e0,Additional Labor,"",$100.00,$0.00,false,,,true
Solar & Energy,ind_e26bc85903974fa3b93a39be626aeebb,Solar & Energy,Repair,Solar,olit_f7efc66da4674f63b020eab44a54c36e,Solar - system inspection,"",$350.00,$0.00,false,,,true
Solar & Energy,ind_e26bc85903974fa3b93a39be626aeebb,Solar & Energy,Repair,Solar,olit_786be0e225504ea6ac37425f822a8c12,Labor - Install Disconnect - 1 tech,"",$550.00,$0.00,false,,,true
Solar & Energy,ind_e26bc85903974fa3b93a39be626aeebb,Solar & Energy,Repair,Solar,olit_bc6eb8e47d6d444f80f3951bd1516cdb,Premium Bird Proofing Package ,"Premium Bird-Proofing Package
**Professional solar panel cleaning: We include a full solar cleaning to maximize system efficiency and improve energy output.

**Premium bird guards: Custom-fitted galvanized steel mesh with PVC coating prevents rust, corrosion, and any bird or rodent re-entry.

**Durable mounting system: Guards are fastened using stainless steel J-hooks with locking washers and stainless steel, all-weather zip ties for long-lasting protection",$1200.00,$0.00,false,,,true
Solar & Energy,ind_e26bc85903974fa3b93a39be626aeebb,Solar & Energy,Repair,EV,olit_c7cf60ea13164de7875f02ebf9bc57d9,EV - O&M Inpsection,"",$250.00,$0.00,false,,,true
Solar & Energy,ind_e26bc85903974fa3b93a39be626aeebb,Solar & Energy,Installation,Solar,olit_0dbb9b079e2646be88deb092f21accad,Monitor Plan,"Our Monitor Plan provides continuous tracking of your solar energy system?s performance. Stay informed with real-time alerts and detailed reports, ensuring efficiency and maximizing savings. Enjoy peace of mind knowing your system is always optimized.

Proactive Monitoring
Remote Troubleshooting (no extra charge)
Priority Scheduling
Discounted Full System Inspection
10% off repairs
5% off add-on equipment",$8.99,$5.00,false,Each,"",true
Solar & Energy,ind_e26bc85903974fa3b93a39be626aeebb,Solar & Energy,Repair,Solar,olit_53266f5ab50947209441b76ce9902a3a,QUOTED O&M,"",$2240.00,$0.00,false,,,true
Solar & Energy,ind_e26bc85903974fa3b93a39be626aeebb,Solar & Energy,Repair,Other,olit_e2dd4c7712ce4399b1b2b04e7ba1d338,APS Quoted Cost,"",$5815.00,$0.00,false,,,true
Solar & Energy,ind_e26bc85903974fa3b93a39be626aeebb,Solar & Energy,Installation,Solar,olit_6758c578024044bb9f47d50e0e0e3100,Maintain Plan,"Our Maintain Plan ensures your solar and energy systems operate at peak performance year-round. System checks help prevent issues, maximize efficiency, and extend equipment life?protecting your investment and saving you money

Includes
Annual Tune-Up at month 11
Hardware and visual inspection
Preventive maintenance to keep your system performing at its best
Proactive Monitoring
Remote Troubleshooting (no extra charge)
Priority Scheduling
Discounted Full System Inspection
10% off repairs
5% off add-on equipment",$19.99,$0.00,false,"","",true
Solar & Energy,ind_e26bc85903974fa3b93a39be626aeebb,Solar & Energy,Installation,Solar,olit_c037acf160c9405abd405771cdb55eaa,Clean Plan,"Keep your solar panels performing at their best with our Protect Plan ? Clean service. Regular professional cleaning removes dirt and debris, ensuring maximum energy output, extending panel life, and protecting your investment in clean, efficient energy.

Professional panel wash included during your annual month 11 visit. (Up to 40 panels included)
Annual Tune-Up at month 11
Hardware and visual inspection
Preventive maintenance to keep your system performing at its best
Proactive Monitoring
Remote Troubleshooting (no extra charge)
Priority Scheduling
Discounted Full System Inspection
10% off repairs
5% off add-on equipment",$39.99,$0.00,false,"","",true
Solar & Energy,ind_e26bc85903974fa3b93a39be626aeebb,Solar & Energy,Installation,Solar,olit_3eec03536e6e4504884c259b4a2854d6,Protect Plan,"Our Protect Plan provides priority service and expert repairs for your solar and energy systems. Enjoy peace of mind with fast response times, system health checks, and preventative maintenance?maximizing efficiency, reliability, and long-term savings.

Includes
$0 labor on covered repair visits
$0 parts on covered system failures under normal operating conditions
Proactive Monitoring
Remote Troubleshooting
Priority Scheduling
$50 off inspections (for non-covered issues)
10% off non-covered repairs
5% off add-on equipment
Annual Tune-Up at month 11*",$39.99,$0.00,false,"","",false
Solar & Energy,ind_e26bc85903974fa3b93a39be626aeebb,Solar & Energy,Installation,Solar,olit_47e78a1a4b834f8e86c786d1d329830c,Permit and Design,Permit and Design,$750.00,$590.00,false,,,true
Solar & Energy,ind_e26bc85903974fa3b93a39be626aeebb,Solar & Energy,Repair,EV,olit_231d6e6c3c2a4f1eaaadfc6c86a55e6d,Omnidian Standard Truck Roll,"",$300.00,$0.00,false,,,true
Solar & Energy,ind_e26bc85903974fa3b93a39be626aeebb,Solar & Energy,Repair,Solar,olit_626d0d0390d34a0981e01e11c3749cf6,Labor - Inverter installation,"",$455.00,$0.00,false,,,true
Solar & Energy,ind_e26bc85903974fa3b93a39be626aeebb,Solar & Energy,Repair,Solar,olit_563ce6543fa946ebbaa08b48fd186e57,Inverter Disposal,"",$30.00,$0.00,false,,,true
Solar & Energy,ind_e26bc85903974fa3b93a39be626aeebb,Solar & Energy,Repair,Solar,olit_a27f6763019b4a56a3f784fe51987999,Spruce - 101-AZ,"",$391.00,$0.00,false,,,true
Solar & Energy,ind_e26bc85903974fa3b93a39be626aeebb,Solar & Energy,Repair,EV,olit_e8498d813bc24b9ba05dc87ae59a85e1,Tesla -RMA,"",$0.00,$0.00,false,,,true
Solar & Energy,ind_e26bc85903974fa3b93a39be626aeebb,Solar & Energy,Repair,EV,olit_8ff03e55031c4c3391c25fa78a989f6f,Additional Labor - EV,"",$90.00,$0.00,false,,,true
Solar & Energy,ind_e26bc85903974fa3b93a39be626aeebb,Solar & Energy,Repair,Solar,olit_8574908d042b434ea33b36e56d011471,Disposal - Solar Panel,"",$15.00,$0.00,false,,,true
Solar & Energy,ind_e26bc85903974fa3b93a39be626aeebb,Solar & Energy,Repair,Solar,olit_dc2e7ba268874e0fa9e2f35ef9bd1ce8,QUOTED BATTERY REMOVAL,"",$5815.00,$0.00,false,,,true
Solar & Energy,ind_e26bc85903974fa3b93a39be626aeebb,Solar & Energy,Repair,Solar,olit_ecf8e154f53d48988ead1c3fc1e5885a,SMA RMA,"",$150.00,$0.00,false,,,true
Electrical,ind_600204be061340dabf33d97e8db5c0b9,Electric Vehicle ,"","",olit_a90dfbeaf3e542b3b6e8cbbe7157c728,Disposal - EV charger,"",$100.00,$0.00,false,,,true
Electrical,ind_600204be061340dabf33d97e8db5c0b9,Electric Vehicle ,"","",olit_4fa2669148f9448daa68f35671de1e21,Rip and Replace -EV Charger Per Port,"Removal of the existing EV charger at each port and installation of a new, upgraded unit. This service ensures safe, reliable charging for your electric vehicle with the latest technology, improving performance and meeting current safety standards.",$750.00,$0.00,false,,,true
Solar & Energy,ind_e26bc85903974fa3b93a39be626aeebb,Solar & Energy,Repair,Solar,olit_e7d8a313b98244428d413214412fd751,Fronius - RMA,"",$150.00,$0.00,false,,,true
Solar & Energy,ind_e26bc85903974fa3b93a39be626aeebb,Solar & Energy,Repair,Solar,olit_86477c4321b5472d8739cf1a25022e1e,Sunrun - Inverter (unlike),"",$550.00,$0.00,false,,,true
Electrical,ind_600204be061340dabf33d97e8db5c0b9,Electric Vehicle ,"","",olit_631433c416b6482fa7ff8feafe4fe061,APS - EV SERVICE CALL,"",$0.00,$0.00,false,,,true
Solar & Energy,ind_e26bc85903974fa3b93a39be626aeebb,Solar & Energy,Repair,EV,olit_4ea85d034f4d44f49b7cfeed9d751d87,CT4 Latch replacement,"",$125.00,$0.00,false,,,true
Solar & Energy,ind_e26bc85903974fa3b93a39be626aeebb,Solar & Energy,Repair,EV,olit_adb08c7bf3334cb183b1d51227adb9f4,CT4 Head Replacement,"",$110.00,$0.00,false,,,true
Solar & Energy,ind_e26bc85903974fa3b93a39be626aeebb,Solar & Energy,Repair,EV,olit_575146d8f16c473d849b232785d6facd,106-AZ,"",$391.00,$0.00,false,,,true
Solar & Energy,ind_e26bc85903974fa3b93a39be626aeebb,Solar & Energy,Repair,Solar,olit_4ec0472fa3bb41309f8da580e49c16ca,Spruce - CATM1 meter,"",$448.09,$0.00,false,,,true
Solar & Energy,ind_e26bc85903974fa3b93a39be626aeebb,Solar & Energy,Repair,Solar,olit_3c7025b83d0040479abcf479cd35f593,Meter can /Wire,"",$155.00,$0.00,false,,,true
Solar & Energy,ind_e26bc85903974fa3b93a39be626aeebb,Solar & Energy,Repair,Solar,olit_f04648773f474f5c8ffaa9c9dd70d719,Removal/Reinstall,"Remove existing (58) solar modules and associated racking components as well as all standoffs/flashings for all (58) modules being removed. Store solar modules and related racking material  onsite.   Upon completion of roof repairs Harmon will return and reinstall solar modules using stored racking material and components along with NEW standoffs/flashings.

Included Components in Both Options:
- Labor to remove and reinstall solar system using existing components/hardware
- Solar modules grounding as needed for proper reinstallation

Excluded Items
- Additional racking/attachment hardware 
- lift rental if 2 story with no 1st story access. 
- Any structural modifications needed
-Additional bird debris clean up
- Any additional issues or damage to the system not caused by Harmon found after removal occurs.
- Any modifications made to the system after original installation i.e. bird blocking 
	
Payment terms:  50% Deposit due upon scheduling.  Balance is due at completion.  For your convenience we can take VISA/MC/AMEX for deposit, keep the card on file in a secure location and charge the balance upon completion.  Credit Card info will be shredded upon completion.

",$0.00,$0.00,false,,,true
